insert into T_CONTINENT(CONTINENT_ID,CONTINENT_NAME) values(1,'ASIA PACIFIC');
insert into T_CONTINENT(CONTINENT_ID,CONTINENT_NAME) values(2,'EMEA');
insert into T_CONTINENT(CONTINENT_ID,CONTINENT_NAME) values(3,'NORTH AMERICA');
insert into T_CONTINENT(CONTINENT_ID,CONTINENT_NAME) values(4,'SOUTH AMERICA');

insert into T_COUNTRY(COUNTRY_NAME,CONTINENT_ID) VALUES ('Afghanistan',2);
insert into T_COUNTRY(COUNTRY_NAME,CONTINENT_ID) VALUES ('Albania',2);
insert into T_COUNTRY(COUNTRY_NAME,CONTINENT_ID) VALUES ('Algeria',2);
insert into T_COUNTRY(COUNTRY_NAME,CONTINENT_ID) VALUES ('Andorra',2);
insert into T_COUNTRY(COUNTRY_NAME,CONTINENT_ID) VALUES ('Angola',2);
insert into T_COUNTRY(COUNTRY_NAME,CONTINENT_ID) VALUES ('Armenia',2);
insert into T_COUNTRY(COUNTRY_NAME,CONTINENT_ID) VALUES ('Australia',1);
insert into T_COUNTRY(COUNTRY_NAME,CONTINENT_ID) VALUES ('Austria',2);
insert into T_COUNTRY(COUNTRY_NAME,CONTINENT_ID) VALUES ('Azerbaijan',2);
insert into T_COUNTRY(COUNTRY_NAME,CONTINENT_ID) VALUES ('Bahrain',1);
insert into T_COUNTRY(COUNTRY_NAME,CONTINENT_ID) VALUES ('Bangladesh',1);
insert into T_COUNTRY(COUNTRY_NAME,CONTINENT_ID) VALUES ('Belarus',2);
insert into T_COUNTRY(COUNTRY_NAME,CONTINENT_ID) VALUES ('Belgium',2);
insert into T_COUNTRY(COUNTRY_NAME,CONTINENT_ID) VALUES ('Brazil',4);
insert into T_COUNTRY(COUNTRY_NAME,CONTINENT_ID) VALUES ('Brunei Darussalam',1);
insert into T_COUNTRY(COUNTRY_NAME,CONTINENT_ID) VALUES ('Bulgaria',2);
insert into T_COUNTRY(COUNTRY_NAME,CONTINENT_ID) VALUES ('Cambodia',1);
insert into T_COUNTRY(COUNTRY_NAME,CONTINENT_ID) VALUES ('Cameroon',2);
insert into T_COUNTRY(COUNTRY_NAME,CONTINENT_ID) VALUES ('Canada',3);
insert into T_COUNTRY(COUNTRY_NAME,CONTINENT_ID) VALUES ('Chile',4);
insert into T_COUNTRY(COUNTRY_NAME,CONTINENT_ID) VALUES ('China',1);
insert into T_COUNTRY(COUNTRY_NAME,CONTINENT_ID) VALUES ('Colombia',4);
insert into T_COUNTRY(COUNTRY_NAME,CONTINENT_ID) VALUES ('Costa Rica',4);
insert into T_COUNTRY(COUNTRY_NAME,CONTINENT_ID) VALUES ('Ivory Coast',2);
insert into T_COUNTRY(COUNTRY_NAME,CONTINENT_ID) VALUES ('Croatia',2);
insert into T_COUNTRY(COUNTRY_NAME,CONTINENT_ID) VALUES ('Cuba',4);
insert into T_COUNTRY(COUNTRY_NAME,CONTINENT_ID) VALUES ('Cyprus',2);
insert into T_COUNTRY(COUNTRY_NAME,CONTINENT_ID) VALUES ('Czech Republic',2);
insert into T_COUNTRY(COUNTRY_NAME,CONTINENT_ID) VALUES ('Denmark',2);
insert into T_COUNTRY(COUNTRY_NAME,CONTINENT_ID) VALUES ('Dominica',4);
insert into T_COUNTRY(COUNTRY_NAME,CONTINENT_ID) VALUES ('Ecuador',4);
insert into T_COUNTRY(COUNTRY_NAME,CONTINENT_ID) VALUES ('Egypt',1);
insert into T_COUNTRY(COUNTRY_NAME,CONTINENT_ID) VALUES ('El Salvador',4);
insert into T_COUNTRY(COUNTRY_NAME,CONTINENT_ID) VALUES ('Estonia',2);
insert into T_COUNTRY(COUNTRY_NAME,CONTINENT_ID) VALUES ('Faroe Islands',2);
insert into T_COUNTRY(COUNTRY_NAME,CONTINENT_ID) VALUES ('Finland',2);
insert into T_COUNTRY(COUNTRY_NAME,CONTINENT_ID) VALUES ('France',2);
insert into T_COUNTRY(COUNTRY_NAME,CONTINENT_ID) VALUES ('Georgia',2);
insert into T_COUNTRY(COUNTRY_NAME,CONTINENT_ID) VALUES ('Germany',2);
insert into T_COUNTRY(COUNTRY_NAME,CONTINENT_ID) VALUES ('Ghana',2);
insert into T_COUNTRY(COUNTRY_NAME,CONTINENT_ID) VALUES ('Greece',2);
insert into T_COUNTRY(COUNTRY_NAME,CONTINENT_ID) VALUES ('Greenland',2);
insert into T_COUNTRY(COUNTRY_NAME,CONTINENT_ID) VALUES ('Haiti',1);
insert into T_COUNTRY(COUNTRY_NAME,CONTINENT_ID) VALUES ('Honduras',4);
insert into T_COUNTRY(COUNTRY_NAME,CONTINENT_ID) VALUES ('Hong Kong',1);
insert into T_COUNTRY(COUNTRY_NAME,CONTINENT_ID) VALUES ('Hungary',2);
insert into T_COUNTRY(COUNTRY_NAME,CONTINENT_ID) VALUES ('Iceland',2);
insert into T_COUNTRY(COUNTRY_NAME,CONTINENT_ID) VALUES ('India',1);
insert into T_COUNTRY(COUNTRY_NAME,CONTINENT_ID) VALUES ('Indonesia',1);
insert into T_COUNTRY(COUNTRY_NAME,CONTINENT_ID) VALUES ('Iran',1);
insert into T_COUNTRY(COUNTRY_NAME,CONTINENT_ID) VALUES ('Iraq',1);
insert into T_COUNTRY(COUNTRY_NAME,CONTINENT_ID) VALUES ('Ireland',2);
insert into T_COUNTRY(COUNTRY_NAME,CONTINENT_ID) VALUES ('Israel',2);
insert into T_COUNTRY(COUNTRY_NAME,CONTINENT_ID) VALUES ('Italy',2);
insert into T_COUNTRY(COUNTRY_NAME,CONTINENT_ID) VALUES ('Jamaica',4);
insert into T_COUNTRY(COUNTRY_NAME,CONTINENT_ID) VALUES ('Japan',1);
insert into T_COUNTRY(COUNTRY_NAME,CONTINENT_ID) VALUES ('Jordan',1);
insert into T_COUNTRY(COUNTRY_NAME,CONTINENT_ID) VALUES ('Kazakhstan',2);
insert into T_COUNTRY(COUNTRY_NAME,CONTINENT_ID) VALUES ('Kenya',2);
insert into T_COUNTRY(COUNTRY_NAME,CONTINENT_ID) VALUES ('Korea (north)',1);
insert into T_COUNTRY(COUNTRY_NAME,CONTINENT_ID) VALUES ('Korea (south)',1);
insert into T_COUNTRY(COUNTRY_NAME,CONTINENT_ID) VALUES ('Kuwait',1);
insert into T_COUNTRY(COUNTRY_NAME,CONTINENT_ID) VALUES ('Kyrgyzstan',1);
insert into T_COUNTRY(COUNTRY_NAME,CONTINENT_ID) VALUES ('Latvia',2);
insert into T_COUNTRY(COUNTRY_NAME,CONTINENT_ID) VALUES ('Lebanon',1);
insert into T_COUNTRY(COUNTRY_NAME,CONTINENT_ID) VALUES ('Liberia',2);
insert into T_COUNTRY(COUNTRY_NAME,CONTINENT_ID) VALUES ('Libya',2);
insert into T_COUNTRY(COUNTRY_NAME,CONTINENT_ID) VALUES ('Liechtenstein',2);
insert into T_COUNTRY(COUNTRY_NAME,CONTINENT_ID) VALUES ('Lithuania',2);
insert into T_COUNTRY(COUNTRY_NAME,CONTINENT_ID) VALUES ('Luxembourg',2);
insert into T_COUNTRY(COUNTRY_NAME,CONTINENT_ID) VALUES ('Macao',1);
insert into T_COUNTRY(COUNTRY_NAME,CONTINENT_ID) VALUES ('Macedonia',2);
insert into T_COUNTRY(COUNTRY_NAME,CONTINENT_ID) VALUES ('Madagascar',2);
insert into T_COUNTRY(COUNTRY_NAME,CONTINENT_ID) VALUES ('Malawi',2);
insert into T_COUNTRY(COUNTRY_NAME,CONTINENT_ID) VALUES ('Malaysia',1);
insert into T_COUNTRY(COUNTRY_NAME,CONTINENT_ID) VALUES ('Maldives',1);
insert into T_COUNTRY(COUNTRY_NAME,CONTINENT_ID) VALUES ('Mali',2);
insert into T_COUNTRY(COUNTRY_NAME,CONTINENT_ID) VALUES ('Malta',2);
insert into T_COUNTRY(COUNTRY_NAME,CONTINENT_ID) VALUES ('Mexico',4);
insert into T_COUNTRY(COUNTRY_NAME,CONTINENT_ID) VALUES ('Morocco',2);
insert into T_COUNTRY(COUNTRY_NAME,CONTINENT_ID) VALUES ('Myanmar',1);
insert into T_COUNTRY(COUNTRY_NAME,CONTINENT_ID) VALUES ('Nepal',1);
insert into T_COUNTRY(COUNTRY_NAME,CONTINENT_ID) VALUES ('Netherlands',2);
insert into T_COUNTRY(COUNTRY_NAME,CONTINENT_ID) VALUES ('New Zealand',1);
insert into T_COUNTRY(COUNTRY_NAME,CONTINENT_ID) VALUES ('Niger',2);
insert into T_COUNTRY(COUNTRY_NAME,CONTINENT_ID) VALUES ('Nigeria',2);
insert into T_COUNTRY(COUNTRY_NAME,CONTINENT_ID) VALUES ('Norway',2);
insert into T_COUNTRY(COUNTRY_NAME,CONTINENT_ID) VALUES ('Oman',1);
insert into T_COUNTRY(COUNTRY_NAME,CONTINENT_ID) VALUES ('Pakistan',1);
insert into T_COUNTRY(COUNTRY_NAME,CONTINENT_ID) VALUES ('Panama',4);
insert into T_COUNTRY(COUNTRY_NAME,CONTINENT_ID) VALUES ('Papua New Guinea',1);
insert into T_COUNTRY(COUNTRY_NAME,CONTINENT_ID) VALUES ('Paraguay',4);
insert into T_COUNTRY(COUNTRY_NAME,CONTINENT_ID) VALUES ('Peru',4);
insert into T_COUNTRY(COUNTRY_NAME,CONTINENT_ID) VALUES ('Philippines',1);
insert into T_COUNTRY(COUNTRY_NAME,CONTINENT_ID) VALUES ('Poland',2);
insert into T_COUNTRY(COUNTRY_NAME,CONTINENT_ID) VALUES ('Portugal',2);
insert into T_COUNTRY(COUNTRY_NAME,CONTINENT_ID) VALUES ('Puerto Rico',4);
insert into T_COUNTRY(COUNTRY_NAME,CONTINENT_ID) VALUES ('Qatar',1);
insert into T_COUNTRY(COUNTRY_NAME,CONTINENT_ID) VALUES ('Romania',2);
insert into T_COUNTRY(COUNTRY_NAME,CONTINENT_ID) VALUES ('Russia',2);
insert into T_COUNTRY(COUNTRY_NAME,CONTINENT_ID) VALUES ('Saudi Arabia',1);
insert into T_COUNTRY(COUNTRY_NAME,CONTINENT_ID) VALUES ('Senegal',2);
insert into T_COUNTRY(COUNTRY_NAME,CONTINENT_ID) VALUES ('Serbia',2);
insert into T_COUNTRY(COUNTRY_NAME,CONTINENT_ID) VALUES ('Singapore',1);
insert into T_COUNTRY(COUNTRY_NAME,CONTINENT_ID) VALUES ('Slovakia',2);
insert into T_COUNTRY(COUNTRY_NAME,CONTINENT_ID) VALUES ('Slovenia',2);
insert into T_COUNTRY(COUNTRY_NAME,CONTINENT_ID) VALUES ('South Africa',2);
insert into T_COUNTRY(COUNTRY_NAME,CONTINENT_ID) VALUES ('Spain',2);
insert into T_COUNTRY(COUNTRY_NAME,CONTINENT_ID) VALUES ('Sri Lanka',1);
insert into T_COUNTRY(COUNTRY_NAME,CONTINENT_ID) VALUES ('Sudan',2);
insert into T_COUNTRY(COUNTRY_NAME,CONTINENT_ID) VALUES ('Suriname',4);
insert into T_COUNTRY(COUNTRY_NAME,CONTINENT_ID) VALUES ('Sweden',2);
insert into T_COUNTRY(COUNTRY_NAME,CONTINENT_ID) VALUES ('Switzerland',2);
insert into T_COUNTRY(COUNTRY_NAME,CONTINENT_ID) VALUES ('Syria',1);
insert into T_COUNTRY(COUNTRY_NAME,CONTINENT_ID) VALUES ('Taiwan',1);
insert into T_COUNTRY(COUNTRY_NAME,CONTINENT_ID) VALUES ('Tajikistan',1);
insert into T_COUNTRY(COUNTRY_NAME,CONTINENT_ID) VALUES ('Tanzania',2);
insert into T_COUNTRY(COUNTRY_NAME,CONTINENT_ID) VALUES ('Thailand',1);
insert into T_COUNTRY(COUNTRY_NAME,CONTINENT_ID) VALUES ('Togo',2);
insert into T_COUNTRY(COUNTRY_NAME,CONTINENT_ID) VALUES ('Trinidad and Tobago',4);
insert into T_COUNTRY(COUNTRY_NAME,CONTINENT_ID) VALUES ('Tunisia',2);
insert into T_COUNTRY(COUNTRY_NAME,CONTINENT_ID) VALUES ('Turkey',2);
insert into T_COUNTRY(COUNTRY_NAME,CONTINENT_ID) VALUES ('Ukraine',2);
insert into T_COUNTRY(COUNTRY_NAME,CONTINENT_ID) VALUES ('United Arab Emirates',1);
insert into T_COUNTRY(COUNTRY_NAME,CONTINENT_ID) VALUES ('United Kingdom',2);
insert into T_COUNTRY(COUNTRY_NAME,CONTINENT_ID) VALUES ('United States of America',2);
insert into T_COUNTRY(COUNTRY_NAME,CONTINENT_ID) VALUES ('Uruguay',4);
insert into T_COUNTRY(COUNTRY_NAME,CONTINENT_ID) VALUES ('Uzbekistan',2);
insert into T_COUNTRY(COUNTRY_NAME,CONTINENT_ID) VALUES ('Venezuela',4);
insert into T_COUNTRY(COUNTRY_NAME,CONTINENT_ID) VALUES ('Vietnam',1);
insert into T_COUNTRY(COUNTRY_NAME,CONTINENT_ID) VALUES ('Yemen',1);
insert into T_COUNTRY(COUNTRY_NAME,CONTINENT_ID) VALUES ('Zaire',2);
insert into T_COUNTRY(COUNTRY_NAME,CONTINENT_ID) VALUES ('Zambia',2);
insert into T_COUNTRY(COUNTRY_NAME,CONTINENT_ID) VALUES ('Zimbabwe',2);


insert into T_WORK_EXPERIENCE values(1,1,'No exp');
insert into T_WORK_EXPERIENCE values(2,2,'1-3 yrs');
insert into T_WORK_EXPERIENCE values(3,4,'3-5 yrs');
insert into T_WORK_EXPERIENCE values(4,5,'5-7 yrs');
insert into T_WORK_EXPERIENCE values(5,6,'7-10 yrs');
insert into T_WORK_EXPERIENCE values(6,7,'10-15 yrs');
insert into T_WORK_EXPERIENCE values(7,8,'15+ yrs');


insert into T_WORK_SECTOR(WORK_SECTOR_ID,WORK_SECTOR_NAME) values ( 1,'Accounting & Finance');
insert into T_WORK_SECTOR(WORK_SECTOR_ID,WORK_SECTOR_NAME) values ( 2,'Asset Management');
insert into T_WORK_SECTOR(WORK_SECTOR_ID,WORK_SECTOR_NAME) values ( 3,'Capital Markets');
insert into T_WORK_SECTOR(WORK_SECTOR_ID,WORK_SECTOR_NAME) values ( 4,'Commodities');
insert into T_WORK_SECTOR(WORK_SECTOR_ID,WORK_SECTOR_NAME) values ( 5,'Compliance / Legal');
insert into T_WORK_SECTOR(WORK_SECTOR_ID,WORK_SECTOR_NAME) values (6 ,'Consultancy');
insert into T_WORK_SECTOR(WORK_SECTOR_ID,WORK_SECTOR_NAME) values (7 ,'Corporate Banking');
insert into T_WORK_SECTOR(WORK_SECTOR_ID,WORK_SECTOR_NAME) values (8 ,'Credit');
insert into T_WORK_SECTOR(WORK_SECTOR_ID,WORK_SECTOR_NAME) values (9 ,'Debt / Fixed Income');
insert into T_WORK_SECTOR(WORK_SECTOR_ID,WORK_SECTOR_NAME) values (10 ,'Derivatives');
insert into T_WORK_SECTOR(WORK_SECTOR_ID,WORK_SECTOR_NAME) values (11 ,'Equities');
insert into T_WORK_SECTOR(WORK_SECTOR_ID,WORK_SECTOR_NAME) values (12 ,'FX & Money Markets');
insert into T_WORK_SECTOR(WORK_SECTOR_ID,WORK_SECTOR_NAME) values (13 ,'Global Custody');
insert into T_WORK_SECTOR(WORK_SECTOR_ID,WORK_SECTOR_NAME) values (14 ,'Hedge Funds');
insert into T_WORK_SECTOR(WORK_SECTOR_ID,WORK_SECTOR_NAME) values (15 ,'HR & Recruitment');
insert into T_WORK_SECTOR(WORK_SECTOR_ID,WORK_SECTOR_NAME) values (16 ,'Industry & Commerce');
insert into T_WORK_SECTOR(WORK_SECTOR_ID,WORK_SECTOR_NAME) values (17 ,'Information Services');
insert into T_WORK_SECTOR(WORK_SECTOR_ID,WORK_SECTOR_NAME) values (18 ,'Information Technology');
insert into T_WORK_SECTOR(WORK_SECTOR_ID,WORK_SECTOR_NAME) values (19 ,'Insurance');
insert into T_WORK_SECTOR(WORK_SECTOR_ID,WORK_SECTOR_NAME) values (20 ,'Investment Banking / M & A');
insert into T_WORK_SECTOR(WORK_SECTOR_ID,WORK_SECTOR_NAME) values (21 ,'Investment Consulting');
insert into T_WORK_SECTOR(WORK_SECTOR_ID,WORK_SECTOR_NAME) values (22 ,'Investor Relations / PR');
insert into T_WORK_SECTOR(WORK_SECTOR_ID,WORK_SECTOR_NAME) values (23 ,'Operations');
insert into T_WORK_SECTOR(WORK_SECTOR_ID,WORK_SECTOR_NAME) values (24 ,'Private Banking / Wealth Management');
insert into T_WORK_SECTOR(WORK_SECTOR_ID,WORK_SECTOR_NAME) values (25 ,'Private Equity / VC');
insert into T_WORK_SECTOR(WORK_SECTOR_ID,WORK_SECTOR_NAME) values (26 ,'Public Sector');
insert into T_WORK_SECTOR(WORK_SECTOR_ID,WORK_SECTOR_NAME) values (27 ,'Quantitative Analytics');
insert into T_WORK_SECTOR(WORK_SECTOR_ID,WORK_SECTOR_NAME) values (28 ,'Real Estate');
insert into T_WORK_SECTOR(WORK_SECTOR_ID,WORK_SECTOR_NAME) values (29 ,'Research');
insert into T_WORK_SECTOR(WORK_SECTOR_ID,WORK_SECTOR_NAME) values (30 ,'Retail Banking');
insert into T_WORK_SECTOR(WORK_SECTOR_ID,WORK_SECTOR_NAME) values (31 ,'Risk Management');
insert into T_WORK_SECTOR(WORK_SECTOR_ID,WORK_SECTOR_NAME) values (32 ,'Sales & Marketing');
insert into T_WORK_SECTOR(WORK_SECTOR_ID,WORK_SECTOR_NAME) values (33 ,'Student');
insert into T_WORK_SECTOR(WORK_SECTOR_ID,WORK_SECTOR_NAME) values (34 ,'Trading');

insert into T_JOB_ROLE(JOB_ROLE_ID,JOB_ROLE_NAME,WORK_SECTOR_ID) values(1,'Development',18);
insert into T_JOB_ROLE(JOB_ROLE_ID,JOB_ROLE_NAME,WORK_SECTOR_ID) values(2,'Project Management',18);
insert into T_JOB_ROLE(JOB_ROLE_ID,JOB_ROLE_NAME,WORK_SECTOR_ID) values(3,'Sales / Marketing',18);
insert into T_JOB_ROLE(JOB_ROLE_ID,JOB_ROLE_NAME,WORK_SECTOR_ID) values(4,'Strategy / Bussiness Analyst',18);
insert into T_JOB_ROLE(JOB_ROLE_ID,JOB_ROLE_NAME,WORK_SECTOR_ID) values(5,'System Administration & Support',18);
insert into T_JOB_ROLE(JOB_ROLE_ID,JOB_ROLE_NAME,WORK_SECTOR_ID) values(6,'Other',18);

insert into T_JOB_PREFERENCE(JOB_PREF_NAME) values('Permanent');
insert into T_JOB_PREFERENCE(JOB_PREF_NAME) values('Contract');
insert into T_JOB_PREFERENCE(JOB_PREF_NAME) values('Temporary');
insert into T_JOB_PREFERENCE(JOB_PREF_NAME) values('Self-Employed');
insert into T_JOB_PREFERENCE(JOB_PREF_NAME) values('Internship & Graduate Trainee');

insert into T_TITLE(TITLE_ID,TITLE_NAME) values ('1','Mr');
insert into T_TITLE(TITLE_ID,TITLE_NAME) values ('2','Mrs');
insert into T_TITLE(TITLE_ID,TITLE_NAME) values ('3','Ms');
insert into T_TITLE(TITLE_ID,TITLE_NAME) values ('4','Dr');
insert into T_TITLE(TITLE_ID,TITLE_NAME) values ('5','Prof');
insert into T_TITLE(TITLE_ID,TITLE_NAME) values ('6','Other');

insert into T_EDUCATION_LEVEL(EDUCATION_ID,EDUCATION_NAME) values('1','Not specified');
insert into T_EDUCATION_LEVEL(EDUCATION_ID,EDUCATION_NAME) values('2','High School');
insert into T_EDUCATION_LEVEL(EDUCATION_ID,EDUCATION_NAME) values('3','Certificate/Diploma');
insert into T_EDUCATION_LEVEL(EDUCATION_ID,EDUCATION_NAME) values('4','Associate Degree');
insert into T_EDUCATION_LEVEL(EDUCATION_ID,EDUCATION_NAME) values('5','3 or 4 yr. Undergraduate degree');
insert into T_EDUCATION_LEVEL(EDUCATION_ID,EDUCATION_NAME) values('6','Postgraduate Degree');
insert into T_EDUCATION_LEVEL(EDUCATION_ID,EDUCATION_NAME) values('7','Postgraduate Degree - MBA');
insert into T_EDUCATION_LEVEL(EDUCATION_ID,EDUCATION_NAME) values('8','Postgraduate Degree - Masters');
insert into T_EDUCATION_LEVEL(EDUCATION_ID,EDUCATION_NAME) values('9','Postgraduate Degree - JD');
insert into T_EDUCATION_LEVEL(EDUCATION_ID,EDUCATION_NAME) values('10','Postgraduate Degree - PhD / Doctorate');
insert into T_EDUCATION_LEVEL(EDUCATION_ID,EDUCATION_NAME) values('11','Other Degree');

insert into T_LANGUAGE(LANGUAGE_ID,LANGUAGE_NAME) values ('1','English');
insert into T_LANGUAGE(LANGUAGE_ID,LANGUAGE_NAME) values ('2','French');
insert into T_LANGUAGE(LANGUAGE_ID,LANGUAGE_NAME) values ('3','Afrikaans');
insert into T_LANGUAGE(LANGUAGE_ID,LANGUAGE_NAME) values ('4','Albanian');
insert into T_LANGUAGE(LANGUAGE_ID,LANGUAGE_NAME) values ('5','Arabic');
insert into T_LANGUAGE(LANGUAGE_ID,LANGUAGE_NAME) values ('6','Bantu');
insert into T_LANGUAGE(LANGUAGE_ID,LANGUAGE_NAME) values ('7','Basque');
insert into T_LANGUAGE(LANGUAGE_ID,LANGUAGE_NAME) values ('8','Bengali');
insert into T_LANGUAGE(LANGUAGE_ID,LANGUAGE_NAME) values ('9','Berber');
insert into T_LANGUAGE(LANGUAGE_ID,LANGUAGE_NAME) values ('10','Bulgarian');
insert into T_LANGUAGE(LANGUAGE_ID,LANGUAGE_NAME) values ('11','Catalan');
insert into T_LANGUAGE(LANGUAGE_ID,LANGUAGE_NAME) values ('12','Chinese - Mandarin');
insert into T_LANGUAGE(LANGUAGE_ID,LANGUAGE_NAME) values ('13','Chinese - Cantonese');
insert into T_LANGUAGE(LANGUAGE_ID,LANGUAGE_NAME) values ('14','Croatian');
insert into T_LANGUAGE(LANGUAGE_ID,LANGUAGE_NAME) values ('15','Czech');
insert into T_LANGUAGE(LANGUAGE_ID,LANGUAGE_NAME) values ('16','Danish');
insert into T_LANGUAGE(LANGUAGE_ID,LANGUAGE_NAME) values ('17','Dutch');
insert into T_LANGUAGE(LANGUAGE_ID,LANGUAGE_NAME) values ('18','Estonian');
insert into T_LANGUAGE(LANGUAGE_ID,LANGUAGE_NAME) values ('19','Farsi');
insert into T_LANGUAGE(LANGUAGE_ID,LANGUAGE_NAME) values ('20','Filipino');
insert into T_LANGUAGE(LANGUAGE_ID,LANGUAGE_NAME) values ('21','Finnish');
insert into T_LANGUAGE(LANGUAGE_ID,LANGUAGE_NAME) values ('22','Flemish');
insert into T_LANGUAGE(LANGUAGE_ID,LANGUAGE_NAME) values ('23','Galician');
insert into T_LANGUAGE(LANGUAGE_ID,LANGUAGE_NAME) values ('24','German');
insert into T_LANGUAGE(LANGUAGE_ID,LANGUAGE_NAME) values ('25','Greek');
insert into T_LANGUAGE(LANGUAGE_ID,LANGUAGE_NAME) values ('26','Gujurati');
insert into T_LANGUAGE(LANGUAGE_ID,LANGUAGE_NAME) values ('27','Hebrew');
insert into T_LANGUAGE(LANGUAGE_ID,LANGUAGE_NAME) values ('28','Hindi');
insert into T_LANGUAGE(LANGUAGE_ID,LANGUAGE_NAME) values ('29','Hungarian');
insert into T_LANGUAGE(LANGUAGE_ID,LANGUAGE_NAME) values ('30','Icelandic');
insert into T_LANGUAGE(LANGUAGE_ID,LANGUAGE_NAME) values ('31','Indonesian');
insert into T_LANGUAGE(LANGUAGE_ID,LANGUAGE_NAME) values ('32','Italian');
insert into T_LANGUAGE(LANGUAGE_ID,LANGUAGE_NAME) values ('33','Japanese');
insert into T_LANGUAGE(LANGUAGE_ID,LANGUAGE_NAME) values ('34','Korean');
insert into T_LANGUAGE(LANGUAGE_ID,LANGUAGE_NAME) values ('35','Kurdish');
insert into T_LANGUAGE(LANGUAGE_ID,LANGUAGE_NAME) values ('36','Latvian');
insert into T_LANGUAGE(LANGUAGE_ID,LANGUAGE_NAME) values ('37','Lithuanian');
insert into T_LANGUAGE(LANGUAGE_ID,LANGUAGE_NAME) values ('38','Malay');
insert into T_LANGUAGE(LANGUAGE_ID,LANGUAGE_NAME) values ('39','Norwegian');
insert into T_LANGUAGE(LANGUAGE_ID,LANGUAGE_NAME) values ('40','Persian');
insert into T_LANGUAGE(LANGUAGE_ID,LANGUAGE_NAME) values ('41','Polish');
insert into T_LANGUAGE(LANGUAGE_ID,LANGUAGE_NAME) values ('42','Portuguese');
insert into T_LANGUAGE(LANGUAGE_ID,LANGUAGE_NAME) values ('43','Romanian');
insert into T_LANGUAGE(LANGUAGE_ID,LANGUAGE_NAME) values ('44','Russian');
insert into T_LANGUAGE(LANGUAGE_ID,LANGUAGE_NAME) values ('45','Serbian');
insert into T_LANGUAGE(LANGUAGE_ID,LANGUAGE_NAME) values ('46','Sinhala');
insert into T_LANGUAGE(LANGUAGE_ID,LANGUAGE_NAME) values ('47','Slovak');
insert into T_LANGUAGE(LANGUAGE_ID,LANGUAGE_NAME) values ('48','Slovenian');
insert into T_LANGUAGE(LANGUAGE_ID,LANGUAGE_NAME) values ('49','Spanish');
insert into T_LANGUAGE(LANGUAGE_ID,LANGUAGE_NAME) values ('50','Swahili');
insert into T_LANGUAGE(LANGUAGE_ID,LANGUAGE_NAME) values ('51','Swedish');
insert into T_LANGUAGE(LANGUAGE_ID,LANGUAGE_NAME) values ('52','Tamil');
insert into T_LANGUAGE(LANGUAGE_ID,LANGUAGE_NAME) values ('53','Thai');
insert into T_LANGUAGE(LANGUAGE_ID,LANGUAGE_NAME) values ('54','Turkish');
insert into T_LANGUAGE(LANGUAGE_ID,LANGUAGE_NAME) values ('55','Ukrainian');
insert into T_LANGUAGE(LANGUAGE_ID,LANGUAGE_NAME) values ('56','Urdu');
insert into T_LANGUAGE(LANGUAGE_ID,LANGUAGE_NAME) values ('57','Uzbek');
insert into T_LANGUAGE(LANGUAGE_ID,LANGUAGE_NAME) values ('58','Vietnamese');
insert into T_LANGUAGE(LANGUAGE_ID,LANGUAGE_NAME) values ('59','Walloon');
insert into T_LANGUAGE(LANGUAGE_ID,LANGUAGE_NAME) values ('60','Welsh');

insert into T_LANGUAGE_FLUENCY values (1,'First Language');
insert into T_LANGUAGE_FLUENCY values (2,'Fluent');
insert into T_LANGUAGE_FLUENCY values (3,'Competent');
insert into T_LANGUAGE_FLUENCY values (4,'Basic');

